{
  "chart": {
    "title": "World regions according to Our World in Data",
    "subtitle": "",
    "citation": "Our World in Data",
    "originalChartUrl": "https://ourworldindata.org/grapher/continents-according-to-our-world-in-data?v=1&csvType=filtered&useColumnShortNames=false",
    "selection": [
      "Belgium"
    ]
  },
  "columns": {
    "World regions according to OWID": {
      "titleShort": "World regions according to OWID",
      "titleLong": "World regions according to OWID",
      "descriptionKey": [],
      "unit": "",
      "timespan": "2023-2023",
      "type": "Continent",
      "owidVariableId": 900801,
      "shortName": "owid_region",
      "lastUpdated": "2023-01-01",
      "citationShort": "Our World in Data – processed by Our World in Data",
      "citationLong": "Our World in Data – processed by Our World in Data. “World regions according to OWID” [dataset]. Our World in Data, “Regions” [original data].",
      "fullMetadata": "https://api.ourworldindata.org/v1/indicators/900801.metadata.json"
    }
  },
  "dateDownloaded": "2025-02-28",
  "activeFilters": {}
}